{"cameraMode":{"drawMode":0,"name":"Shaded","section":"Shading Mode"},"sceneLighting":true,"audioPlay":false,"sceneViewState":{"showFog":true,"showMaterialUpdate":false,"showSkybox":true,"showFlares":true,"showImageEffects":true,"showParticleSystems":true},"in2DMode":false,"pivot":{"x":26.24367904663086,"y":-11.103211402893067,"z":-21.336734771728517},"rotation":{"x":-0.612142026424408,"y":0.008773830719292164,"z":-0.006793549284338951,"w":-0.7906761765480042},"size":69.2072525024414,"orthographic":false}