{"cameraMode":{"drawMode":0,"name":"Shaded","section":"Shading Mode"},"sceneLighting":true,"audioPlay":false,"sceneViewState":{"showFog":true,"showMaterialUpdate":false,"showSkybox":true,"showFlares":true,"showImageEffects":true,"showParticleSystems":true},"in2DMode":false,"pivot":{"x":0.47790050506591799,"y":-0.7106132507324219,"z":0.07781171798706055},"rotation":{"x":-0.09810365736484528,"y":0.8962963819503784,"z":-0.24835610389709474,"w":-0.35404783487319949},"size":10.0,"orthographic":false}